{
  "totalPoints": 95328,
  "chunks": 20,
  "chunkSize": 5000,
  "bounds": {
    "minX": -13.201847076416016,
    "maxX": 23.265100479125977,
    "minY": -15.417980194091797,
    "maxY": 22.691526412963867
  }
}